type,old_abs,new_abs,note
文件夹,C:\Users\Administrator\Documents\VolunteerHelper\data\13_征集志愿\普通高考\专科批次\3335_征集志愿_第一次_2023_专科批,C:\Users\Administrator\Documents\VolunteerHelper\data\13_征集志愿\普通高考\专科批次\3335_2023_文科_专科批_征集志愿_第一次,
xlsx,C:\Users\Administrator\Documents\VolunteerHelper\data\13_征集志愿\普通高考\专科批次\3335_征集志愿_第一次_2023_专科批\3335_征集志愿_第一次_2023_mimo-v2-omni.xlsx,C:\Users\Administrator\Documents\VolunteerHelper\data\13_征集志愿\普通高考\专科批次\3335_2023_文科_专科批_征集志愿_第一次\3335_2023_文科_专科批_征集志愿_第一次_mimo-v2-omni.xlsx,
文件夹,C:\Users\Administrator\Documents\VolunteerHelper\data\13_征集志愿\普通高考\专科批次\3336_招生计划_2023_专科批,C:\Users\Administrator\Documents\VolunteerHelper\data\13_征集志愿\普通高考\专科批次\3336_2023_理科_专科批_招生计划,
xlsx,C:\Users\Administrator\Documents\VolunteerHelper\data\13_征集志愿\普通高考\专科批次\3336_招生计划_2023_专科批\3336_招生计划_2023_mimo-v2-omni.xlsx,C:\Users\Administrator\Documents\VolunteerHelper\data\13_征集志愿\普通高考\专科批次\3336_2023_理科_专科批_招生计划\3336_2023_理科_专科批_招生计划_mimo-v2-omni.xlsx,
文件夹,C:\Users\Administrator\Documents\VolunteerHelper\data\13_征集志愿\普通高考\专科批次\3338_征集志愿_第一次_2023_专科批,C:\Users\Administrator\Documents\VolunteerHelper\data\13_征集志愿\普通高考\专科批次\3338_2023_理科_专科批_征集志愿_第一次,
xlsx,C:\Users\Administrator\Documents\VolunteerHelper\data\13_征集志愿\普通高考\专科批次\3338_征集志愿_第一次_2023_专科批\3338_征集志愿_第一次_2023_mimo-v2-omni.xlsx,C:\Users\Administrator\Documents\VolunteerHelper\data\13_征集志愿\普通高考\专科批次\3338_2023_理科_专科批_征集志愿_第一次\3338_2023_理科_专科批_征集志愿_第一次_mimo-v2-omni.xlsx,
文件夹,C:\Users\Administrator\Documents\VolunteerHelper\data\13_征集志愿\普通高考\专科批次\3339_招生计划_2023_专科批,C:\Users\Administrator\Documents\VolunteerHelper\data\13_征集志愿\普通高考\专科批次\3339_2023_理科_专科批_招生计划,
xlsx,C:\Users\Administrator\Documents\VolunteerHelper\data\13_征集志愿\普通高考\专科批次\3339_招生计划_2023_专科批\3339_招生计划_2023_mimo-v2-omni.xlsx,C:\Users\Administrator\Documents\VolunteerHelper\data\13_征集志愿\普通高考\专科批次\3339_2023_理科_专科批_招生计划\3339_2023_理科_专科批_招生计划_mimo-v2-omni.xlsx,
文件夹,C:\Users\Administrator\Documents\VolunteerHelper\data\13_征集志愿\普通高考\专科批次\3340_征集志愿_第二次_2023_专科批,C:\Users\Administrator\Documents\VolunteerHelper\data\13_征集志愿\普通高考\专科批次\3340_2023_文科_专科批_征集志愿_第二次,
xlsx,C:\Users\Administrator\Documents\VolunteerHelper\data\13_征集志愿\普通高考\专科批次\3340_征集志愿_第二次_2023_专科批\3340_征集志愿_第二次_2023_mimo-v2-omni.xlsx,C:\Users\Administrator\Documents\VolunteerHelper\data\13_征集志愿\普通高考\专科批次\3340_2023_文科_专科批_征集志愿_第二次\3340_2023_文科_专科批_征集志愿_第二次_mimo-v2-omni.xlsx,
文件夹,C:\Users\Administrator\Documents\VolunteerHelper\data\13_征集志愿\普通高考\专科批次\3850_征集志愿_第一次_2024_专科批,C:\Users\Administrator\Documents\VolunteerHelper\data\13_征集志愿\普通高考\专科批次\3850_2024_文科_专科批_征集志愿_第一次,
xlsx,C:\Users\Administrator\Documents\VolunteerHelper\data\13_征集志愿\普通高考\专科批次\3850_征集志愿_第一次_2024_专科批\3850_征集志愿_第一次_2024_mimo-v2-omni.xlsx,C:\Users\Administrator\Documents\VolunteerHelper\data\13_征集志愿\普通高考\专科批次\3850_2024_文科_专科批_征集志愿_第一次\3850_2024_文科_专科批_征集志愿_第一次_mimo-v2-omni.xlsx,
文件夹,C:\Users\Administrator\Documents\VolunteerHelper\data\13_征集志愿\普通高考\专科批次\3851_单招招生计划_2024_专科批,C:\Users\Administrator\Documents\VolunteerHelper\data\13_征集志愿\普通高考\专科批次\3851_2024_理科_专科批_单招招生计划,
xlsx,C:\Users\Administrator\Documents\VolunteerHelper\data\13_征集志愿\普通高考\专科批次\3851_单招招生计划_2024_专科批\3851_单招招生计划_2024_mimo-v2-omni.xlsx,C:\Users\Administrator\Documents\VolunteerHelper\data\13_征集志愿\普通高考\专科批次\3851_2024_理科_专科批_单招招生计划\3851_2024_理科_专科批_单招招生计划_mimo-v2-omni.xlsx,
文件夹,C:\Users\Administrator\Documents\VolunteerHelper\data\13_征集志愿\普通高考\专科批次\3855_征集志愿_第二次_2024_专科批,C:\Users\Administrator\Documents\VolunteerHelper\data\13_征集志愿\普通高考\专科批次\3855_2024_文理综合_专科批_军事+公安+司法_征集志愿_第二次,
xlsx,C:\Users\Administrator\Documents\VolunteerHelper\data\13_征集志愿\普通高考\专科批次\3855_征集志愿_第二次_2024_专科批\3855_征集志愿_第二次_2024_mimo-v2-omni.xlsx,C:\Users\Administrator\Documents\VolunteerHelper\data\13_征集志愿\普通高考\专科批次\3855_2024_文理综合_专科批_军事+公安+司法_征集志愿_第二次\3855_2024_文理综合_专科批_军事+公安+司法_征集志愿_第二次_mimo-v2-omni.xlsx,
文件夹,C:\Users\Administrator\Documents\VolunteerHelper\data\13_征集志愿\普通高考\专科批次\4428_征集志愿_第一次_2025_专科批,C:\Users\Administrator\Documents\VolunteerHelper\data\13_征集志愿\普通高考\专科批次\4428_2025_历史类_专科批次_征集志愿_第一次,
xlsx,C:\Users\Administrator\Documents\VolunteerHelper\data\13_征集志愿\普通高考\专科批次\4428_征集志愿_第一次_2025_专科批\4428_征集志愿_第一次_2025_mimo-v2-omni.xlsx,C:\Users\Administrator\Documents\VolunteerHelper\data\13_征集志愿\普通高考\专科批次\4428_2025_历史类_专科批次_征集志愿_第一次\4428_2025_历史类_专科批次_征集志愿_第一次_mimo-v2-omni.xlsx,
文件夹,C:\Users\Administrator\Documents\VolunteerHelper\data\13_征集志愿\普通高考\专科批次\4429_单招招生计划_2025_专科批,C:\Users\Administrator\Documents\VolunteerHelper\data\13_征集志愿\普通高考\专科批次\4429_2025_物理类_专科批次_单招招生计划,
xlsx,C:\Users\Administrator\Documents\VolunteerHelper\data\13_征集志愿\普通高考\专科批次\4429_单招招生计划_2025_专科批\4429_单招招生计划_2025_mimo-v2-omni.xlsx,C:\Users\Administrator\Documents\VolunteerHelper\data\13_征集志愿\普通高考\专科批次\4429_2025_物理类_专科批次_单招招生计划\4429_2025_物理类_专科批次_单招招生计划_mimo-v2-omni.xlsx,
文件夹,C:\Users\Administrator\Documents\VolunteerHelper\data\13_征集志愿\普通高考\专科批次\4433_征集志愿_第二次_2025_历史类_专科批_征集志愿_第二次_2025_专科批,C:\Users\Administrator\Documents\VolunteerHelper\data\13_征集志愿\普通高考\专科批次\4433_2025_历史类_专科批次_征集志愿_第二次,
xlsx,C:\Users\Administrator\Documents\VolunteerHelper\data\13_征集志愿\普通高考\专科批次\4433_征集志愿_第二次_2025_历史类_专科批_征集志愿_第二次_2025_专科批\4433_征集志愿_第二次_2025_claude.xlsx,C:\Users\Administrator\Documents\VolunteerHelper\data\13_征集志愿\普通高考\专科批次\4433_2025_历史类_专科批次_征集志愿_第二次\4433_2025_历史类_专科批次_征集志愿_第二次_claude.xlsx,
xlsx,C:\Users\Administrator\Documents\VolunteerHelper\data\13_征集志愿\普通高考\专科批次\4433_征集志愿_第二次_2025_历史类_专科批_征集志愿_第二次_2025_专科批\4433_征集志愿_第二次_2025_历史类_专科批_征集志愿_第二次_2025_mimo-v2-omni.xlsx,C:\Users\Administrator\Documents\VolunteerHelper\data\13_征集志愿\普通高考\专科批次\4433_2025_历史类_专科批次_征集志愿_第二次\4433_2025_历史类_专科批次_征集志愿_第二次_mimo-v2-omni.xlsx,
xlsx,C:\Users\Administrator\Documents\VolunteerHelper\data\13_征集志愿\普通高考\专科批次\4433_征集志愿_第二次_2025_历史类_专科批_征集志愿_第二次_2025_专科批\4433_征集志愿_第二次_2025_多引擎.xlsx,C:\Users\Administrator\Documents\VolunteerHelper\data\13_征集志愿\普通高考\专科批次\4433_2025_历史类_专科批次_征集志愿_第二次\4433_2025_历史类_专科批次_征集志愿_第二次_多引擎.xlsx,
文件夹,C:\Users\Administrator\Documents\VolunteerHelper\data\13_征集志愿\普通高考\专科批次\4434_招生计划_2025_专科批,C:\Users\Administrator\Documents\VolunteerHelper\data\13_征集志愿\普通高考\专科批次\4434_2025_物理类_专科批次_招生计划,
xlsx,C:\Users\Administrator\Documents\VolunteerHelper\data\13_征集志愿\普通高考\专科批次\4434_招生计划_2025_专科批\4434_招生计划_2025_mimo-v2-omni.xlsx,C:\Users\Administrator\Documents\VolunteerHelper\data\13_征集志愿\普通高考\专科批次\4434_2025_物理类_专科批次_招生计划\4434_2025_物理类_专科批次_招生计划_mimo-v2-omni.xlsx,
文件夹,C:\Users\Administrator\Documents\VolunteerHelper\data\13_征集志愿\普通高考\专项计划\3264_征集志愿_第一次_2023_本科提前批,C:\Users\Administrator\Documents\VolunteerHelper\data\13_征集志愿\普通高考\专项计划\3264_2023_文理综合_本科提前批_国家优师专项+军事+公安+司法_征集志愿_第一次,
xlsx,C:\Users\Administrator\Documents\VolunteerHelper\data\13_征集志愿\普通高考\专项计划\3264_征集志愿_第一次_2023_本科提前批\3264_征集志愿_第一次_2023_mimo-v2-omni.xlsx,C:\Users\Administrator\Documents\VolunteerHelper\data\13_征集志愿\普通高考\专项计划\3264_2023_文理综合_本科提前批_国家优师专项+军事+公安+司法_征集志愿_第一次\3264_2023_文理综合_本科提前批_国家优师专项+军事+公安+司法_征集志愿_第一次_mimo-v2-omni.xlsx,
文件夹,C:\Users\Administrator\Documents\VolunteerHelper\data\13_征集志愿\普通高考\专项计划\3270_征集志愿_第一次_2023_本科批,C:\Users\Administrator\Documents\VolunteerHelper\data\13_征集志愿\普通高考\专项计划\3270_2023_文科_本科批_一二批混合_征集志愿_第一次,K1关键字0命中（既无一批控制线也无二批控制线字样），需人工查对应png/jpg公告标题图复核
xlsx,C:\Users\Administrator\Documents\VolunteerHelper\data\13_征集志愿\普通高考\专项计划\3270_征集志愿_第一次_2023_本科批\3270_征集志愿_第一次_2023_mimo-v2-omni.xlsx,C:\Users\Administrator\Documents\VolunteerHelper\data\13_征集志愿\普通高考\专项计划\3270_2023_文科_本科批_一二批混合_征集志愿_第一次\3270_2023_文科_本科批_一二批混合_征集志愿_第一次_mimo-v2-omni.xlsx,
文件夹,C:\Users\Administrator\Documents\VolunteerHelper\data\13_征集志愿\普通高考\专项计划\3282_征集志愿_第二次_2023_专项计划批,C:\Users\Administrator\Documents\VolunteerHelper\data\13_征集志愿\普通高考\专项计划\3282_2023_文理综合_本科一批_国家专项_征集志愿_第二次,K3 特殊处理：大批次=本科一批，子类型=国家专项
xlsx,C:\Users\Administrator\Documents\VolunteerHelper\data\13_征集志愿\普通高考\专项计划\3282_征集志愿_第二次_2023_专项计划批\3282_征集志愿_第二次_2023_mimo-v2-omni.xlsx,C:\Users\Administrator\Documents\VolunteerHelper\data\13_征集志愿\普通高考\专项计划\3282_2023_文理综合_本科一批_国家专项_征集志愿_第二次\3282_2023_文理综合_本科一批_国家专项_征集志愿_第二次_mimo-v2-omni.xlsx,
文件夹,C:\Users\Administrator\Documents\VolunteerHelper\data\13_征集志愿\普通高考\专项计划\3286_征集志愿_第三次和第二次_2023_本科批,C:\Users\Administrator\Documents\VolunteerHelper\data\13_征集志愿\普通高考\专项计划\3286_2023_文理综合_本科批_一二批混合_省属高校帮扶_征集志愿_第三次和第二次,K1关键字0命中；院校备注含'省属高校帮扶'11次（通常对应本科一批专项），建议人工复核
xlsx,C:\Users\Administrator\Documents\VolunteerHelper\data\13_征集志愿\普通高考\专项计划\3286_征集志愿_第三次和第二次_2023_本科批\3286_征集志愿_第三次和第二次_2023_mimo-v2-omni.xlsx,C:\Users\Administrator\Documents\VolunteerHelper\data\13_征集志愿\普通高考\专项计划\3286_2023_文理综合_本科批_一二批混合_省属高校帮扶_征集志愿_第三次和第二次\3286_2023_文理综合_本科批_一二批混合_省属高校帮扶_征集志愿_第三次和第二次_mimo-v2-omni.xlsx,
文件夹,C:\Users\Administrator\Documents\VolunteerHelper\data\13_征集志愿\普通高考\专项计划\3294_征集志愿_第四次_2023_本科一批,C:\Users\Administrator\Documents\VolunteerHelper\data\13_征集志愿\普通高考\专项计划\3294_2023_理科_本科一批_征集志愿_第四次,
xlsx,C:\Users\Administrator\Documents\VolunteerHelper\data\13_征集志愿\普通高考\专项计划\3294_征集志愿_第四次_2023_本科一批\3294_征集志愿_第四次_2023_mimo-v2-omni.xlsx,C:\Users\Administrator\Documents\VolunteerHelper\data\13_征集志愿\普通高考\专项计划\3294_2023_理科_本科一批_征集志愿_第四次\3294_2023_理科_本科一批_征集志愿_第四次_mimo-v2-omni.xlsx,
文件夹,C:\Users\Administrator\Documents\VolunteerHelper\data\13_征集志愿\普通高考\专项计划\3303_征集志愿_第一次_2023_本科批,C:\Users\Administrator\Documents\VolunteerHelper\data\13_征集志愿\普通高考\专项计划\3303_2023_理科_本科批_一二批混合_省级公费师范生+地方优师+乡村振兴_征集志愿_第一次,K1关键字0命中；含'省级公费师范生'62次/'乡村振兴'6次，建议人工复核
xlsx,C:\Users\Administrator\Documents\VolunteerHelper\data\13_征集志愿\普通高考\专项计划\3303_征集志愿_第一次_2023_本科批\3303_征集志愿_第一次_2023_mimo-v2-omni.xlsx,C:\Users\Administrator\Documents\VolunteerHelper\data\13_征集志愿\普通高考\专项计划\3303_2023_理科_本科批_一二批混合_省级公费师范生+地方优师+乡村振兴_征集志愿_第一次\3303_2023_理科_本科批_一二批混合_省级公费师范生+地方优师+乡村振兴_征集志愿_第一次_mimo-v2-omni.xlsx,
文件夹,C:\Users\Administrator\Documents\VolunteerHelper\data\13_征集志愿\普通高考\专项计划\3770_征集志愿_第一次_2024_本科提前批,C:\Users\Administrator\Documents\VolunteerHelper\data\13_征集志愿\普通高考\专项计划\3770_2024_理科_本科提前批_国家优师专项+免费医学定向+军事+公安+司法_征集志愿_第一次,
xlsx,C:\Users\Administrator\Documents\VolunteerHelper\data\13_征集志愿\普通高考\专项计划\3770_征集志愿_第一次_2024_本科提前批\3770_征集志愿_第一次_2024_mimo-v2-omni.xlsx,C:\Users\Administrator\Documents\VolunteerHelper\data\13_征集志愿\普通高考\专项计划\3770_2024_理科_本科提前批_国家优师专项+免费医学定向+军事+公安+司法_征集志愿_第一次\3770_2024_理科_本科提前批_国家优师专项+免费医学定向+军事+公安+司法_征集志愿_第一次_mimo-v2-omni.xlsx,
文件夹,C:\Users\Administrator\Documents\VolunteerHelper\data\13_征集志愿\普通高考\专项计划\3780_征集志愿_第一次_2024_本科一批,C:\Users\Administrator\Documents\VolunteerHelper\data\13_征集志愿\普通高考\专项计划\3780_2024_文理综合_本科一批_征集志愿_第一次,
xlsx,C:\Users\Administrator\Documents\VolunteerHelper\data\13_征集志愿\普通高考\专项计划\3780_征集志愿_第一次_2024_本科一批\3780_征集志愿_第一次_2024_mimo-v2-omni.xlsx,C:\Users\Administrator\Documents\VolunteerHelper\data\13_征集志愿\普通高考\专项计划\3780_2024_文理综合_本科一批_征集志愿_第一次\3780_2024_文理综合_本科一批_征集志愿_第一次_mimo-v2-omni.xlsx,
文件夹,C:\Users\Administrator\Documents\VolunteerHelper\data\13_征集志愿\普通高考\专项计划\3791_征集志愿_第二次_2024_本科批,C:\Users\Administrator\Documents\VolunteerHelper\data\13_征集志愿\普通高考\专项计划\3791_2024_文理综合_本科批_一二批混合_征集志愿_第二次,K1关键字0命中，需人工复核（相邻ID推断倾向本科一批）
xlsx,C:\Users\Administrator\Documents\VolunteerHelper\data\13_征集志愿\普通高考\专项计划\3791_征集志愿_第二次_2024_本科批\3791_征集志愿_第二次_2024_mimo-v2-omni.xlsx,C:\Users\Administrator\Documents\VolunteerHelper\data\13_征集志愿\普通高考\专项计划\3791_2024_文理综合_本科批_一二批混合_征集志愿_第二次\3791_2024_文理综合_本科批_一二批混合_征集志愿_第二次_mimo-v2-omni.xlsx,
文件夹,C:\Users\Administrator\Documents\VolunteerHelper\data\13_征集志愿\普通高考\专项计划\3796_征集志愿_第三次_2024_本科批,C:\Users\Administrator\Documents\VolunteerHelper\data\13_征集志愿\普通高考\专项计划\3796_2024_理科_本科批_一二批混合_征集志愿_第三次,K1关键字0命中，需人工复核
xlsx,C:\Users\Administrator\Documents\VolunteerHelper\data\13_征集志愿\普通高考\专项计划\3796_征集志愿_第三次_2024_本科批\3796_征集志愿_第三次_2024_mimo-v2-omni.xlsx,C:\Users\Administrator\Documents\VolunteerHelper\data\13_征集志愿\普通高考\专项计划\3796_2024_理科_本科批_一二批混合_征集志愿_第三次\3796_2024_理科_本科批_一二批混合_征集志愿_第三次_mimo-v2-omni.xlsx,
文件夹,C:\Users\Administrator\Documents\VolunteerHelper\data\13_征集志愿\普通高考\专项计划\3802_征集志愿_第三次_2024_本科一批,C:\Users\Administrator\Documents\VolunteerHelper\data\13_征集志愿\普通高考\专项计划\3802_2024_理科_本科一批_征集志愿_第三次,
xlsx,C:\Users\Administrator\Documents\VolunteerHelper\data\13_征集志愿\普通高考\专项计划\3802_征集志愿_第三次_2024_本科一批\3802_征集志愿_第三次_2024_mimo-v2-omni.xlsx,C:\Users\Administrator\Documents\VolunteerHelper\data\13_征集志愿\普通高考\专项计划\3802_2024_理科_本科一批_征集志愿_第三次\3802_2024_理科_本科一批_征集志愿_第三次_mimo-v2-omni.xlsx,
文件夹,C:\Users\Administrator\Documents\VolunteerHelper\data\13_征集志愿\普通高考\专项计划\3808_征集志愿_第四次_2024_本科一批,C:\Users\Administrator\Documents\VolunteerHelper\data\13_征集志愿\普通高考\专项计划\3808_2024_文理综合_本科一批_征集志愿_第四次,
xlsx,C:\Users\Administrator\Documents\VolunteerHelper\data\13_征集志愿\普通高考\专项计划\3808_征集志愿_第四次_2024_本科一批\3808_征集志愿_第四次_2024_mimo-v2-omni.xlsx,C:\Users\Administrator\Documents\VolunteerHelper\data\13_征集志愿\普通高考\专项计划\3808_2024_文理综合_本科一批_征集志愿_第四次\3808_2024_文理综合_本科一批_征集志愿_第四次_mimo-v2-omni.xlsx,
文件夹,C:\Users\Administrator\Documents\VolunteerHelper\data\13_征集志愿\普通高考\专项计划\3810_征集志愿_第一次_2024_本科批,C:\Users\Administrator\Documents\VolunteerHelper\data\13_征集志愿\普通高考\专项计划\3810_2024_文理综合_本科批_一二批混合_省级公费师范生+地方优师_征集志愿_第一次,K1关键字0命中；含'省级公费师范生'117次/'地方优师'21次，建议复核
xlsx,C:\Users\Administrator\Documents\VolunteerHelper\data\13_征集志愿\普通高考\专项计划\3810_征集志愿_第一次_2024_本科批\3810_征集志愿_第一次_2024_mimo-v2-omni.xlsx,C:\Users\Administrator\Documents\VolunteerHelper\data\13_征集志愿\普通高考\专项计划\3810_2024_文理综合_本科批_一二批混合_省级公费师范生+地方优师_征集志愿_第一次\3810_2024_文理综合_本科批_一二批混合_省级公费师范生+地方优师_征集志愿_第一次_mimo-v2-omni.xlsx,
文件夹,C:\Users\Administrator\Documents\VolunteerHelper\data\13_征集志愿\普通高考\专项计划\3812_征集志愿_第二次_2024_本科批,C:\Users\Administrator\Documents\VolunteerHelper\data\13_征集志愿\普通高考\专项计划\3812_2024_文理综合_本科批_一二批混合_省级公费师范生_征集志愿_第二次,K1关键字0命中；含'省级公费师范生'3次，建议复核
xlsx,C:\Users\Administrator\Documents\VolunteerHelper\data\13_征集志愿\普通高考\专项计划\3812_征集志愿_第二次_2024_本科批\3812_征集志愿_第二次_2024_mimo-v2-omni.xlsx,C:\Users\Administrator\Documents\VolunteerHelper\data\13_征集志愿\普通高考\专项计划\3812_2024_文理综合_本科批_一二批混合_省级公费师范生_征集志愿_第二次\3812_2024_文理综合_本科批_一二批混合_省级公费师范生_征集志愿_第二次_mimo-v2-omni.xlsx,
文件夹,C:\Users\Administrator\Documents\VolunteerHelper\data\13_征集志愿\普通高考\专项计划\3820_征集志愿_第一次_2024_本科二批,C:\Users\Administrator\Documents\VolunteerHelper\data\13_征集志愿\普通高考\专项计划\3820_2024_文理综合_本科二批_征集志愿_第一次,
xlsx,C:\Users\Administrator\Documents\VolunteerHelper\data\13_征集志愿\普通高考\专项计划\3820_征集志愿_第一次_2024_本科二批\3820_征集志愿_第一次_2024_mimo-v2-omni.xlsx,C:\Users\Administrator\Documents\VolunteerHelper\data\13_征集志愿\普通高考\专项计划\3820_2024_文理综合_本科二批_征集志愿_第一次\3820_2024_文理综合_本科二批_征集志愿_第一次_mimo-v2-omni.xlsx,
文件夹,C:\Users\Administrator\Documents\VolunteerHelper\data\13_征集志愿\普通高考\专项计划\4402_征集志愿_第一次_2025_本科批次A段,C:\Users\Administrator\Documents\VolunteerHelper\data\13_征集志愿\普通高考\专项计划\4402_2025_物历综合_本科批次_A段国家专项_征集志愿_第一次,
xlsx,C:\Users\Administrator\Documents\VolunteerHelper\data\13_征集志愿\普通高考\专项计划\4402_征集志愿_第一次_2025_本科批次A段\4402_征集志愿_第一次_2025_mimo-v2-omni.xlsx,C:\Users\Administrator\Documents\VolunteerHelper\data\13_征集志愿\普通高考\专项计划\4402_2025_物历综合_本科批次_A段国家专项_征集志愿_第一次\4402_2025_物历综合_本科批次_A段国家专项_征集志愿_第一次_mimo-v2-omni.xlsx,
文件夹,C:\Users\Administrator\Documents\VolunteerHelper\data\13_征集志愿\普通高考\专项计划\4403_征集志愿_第二次_2025_本科批,C:\Users\Administrator\Documents\VolunteerHelper\data\13_征集志愿\普通高考\专项计划\4403_2025_物历综合_本科批次_A段国家专项第二次+A段地方专项第一次_征集志愿,
xlsx,C:\Users\Administrator\Documents\VolunteerHelper\data\13_征集志愿\普通高考\专项计划\4403_征集志愿_第二次_2025_本科批\4403_征集志愿_第二次_2025_mimo-v2-omni.xlsx,C:\Users\Administrator\Documents\VolunteerHelper\data\13_征集志愿\普通高考\专项计划\4403_2025_物历综合_本科批次_A段国家专项第二次+A段地方专项第一次_征集志愿\4403_2025_物历综合_本科批次_A段国家专项第二次+A段地方专项第一次_征集志愿_mimo-v2-omni.xlsx,
文件夹,C:\Users\Administrator\Documents\VolunteerHelper\data\13_征集志愿\普通高考\专项计划\4407_征集志愿_第二次（A段）、第一次（B段）_2025_本科批次,C:\Users\Administrator\Documents\VolunteerHelper\data\13_征集志愿\普通高考\专项计划\4407_2025_物历综合_本科批次_A段地方专项第二次+B段第一次_征集志愿,
xlsx,C:\Users\Administrator\Documents\VolunteerHelper\data\13_征集志愿\普通高考\专项计划\4407_征集志愿_第二次（A段）、第一次（B段）_2025_本科批次\4407_征集志愿_第二次（A段）、第一次（B段）_2025_mimo-v2-omni.xlsx,C:\Users\Administrator\Documents\VolunteerHelper\data\13_征集志愿\普通高考\专项计划\4407_2025_物历综合_本科批次_A段地方专项第二次+B段第一次_征集志愿\4407_2025_物历综合_本科批次_A段地方专项第二次+B段第一次_征集志愿_mimo-v2-omni.xlsx,
文件夹,C:\Users\Administrator\Documents\VolunteerHelper\data\13_征集志愿\普通高考\少数民族\3285_一类模式_第一次_2023_本科一批,C:\Users\Administrator\Documents\VolunteerHelper\data\13_征集志愿\普通高考\少数民族\3285_2023_文理综合_一类模式本科一批_征集志愿_第一次,
xlsx,C:\Users\Administrator\Documents\VolunteerHelper\data\13_征集志愿\普通高考\少数民族\3285_一类模式_第一次_2023_本科一批\3285_征集志愿_第一次_2023_mimo-v2-omni.xlsx,C:\Users\Administrator\Documents\VolunteerHelper\data\13_征集志愿\普通高考\少数民族\3285_2023_文理综合_一类模式本科一批_征集志愿_第一次\3285_2023_文理综合_一类模式本科一批_征集志愿_第一次_mimo-v2-omni.xlsx,
文件夹,C:\Users\Administrator\Documents\VolunteerHelper\data\13_征集志愿\普通高考\少数民族\3298_一类模式_第一次_2023_本科一批预科,C:\Users\Administrator\Documents\VolunteerHelper\data\13_征集志愿\普通高考\少数民族\3298_2023_文理综合_一类模式本科一批预科_征集志愿_第一次,
xlsx,C:\Users\Administrator\Documents\VolunteerHelper\data\13_征集志愿\普通高考\少数民族\3298_一类模式_第一次_2023_本科一批预科\3298_征集志愿_第一次_2023_mimo-v2-omni.xlsx,C:\Users\Administrator\Documents\VolunteerHelper\data\13_征集志愿\普通高考\少数民族\3298_2023_文理综合_一类模式本科一批预科_征集志愿_第一次\3298_2023_文理综合_一类模式本科一批预科_征集志愿_第一次_mimo-v2-omni.xlsx,
文件夹,C:\Users\Administrator\Documents\VolunteerHelper\data\13_征集志愿\普通高考\少数民族\3312_一类模式_第一次_2023_本科二批,C:\Users\Administrator\Documents\VolunteerHelper\data\13_征集志愿\普通高考\少数民族\3312_2023_文理综合_一类模式本科二批_征集志愿_第一次,
xlsx,C:\Users\Administrator\Documents\VolunteerHelper\data\13_征集志愿\普通高考\少数民族\3312_一类模式_第一次_2023_本科二批\3312_征集志愿_第一次_2023_mimo-v2-omni.xlsx,C:\Users\Administrator\Documents\VolunteerHelper\data\13_征集志愿\普通高考\少数民族\3312_2023_文理综合_一类模式本科二批_征集志愿_第一次\3312_2023_文理综合_一类模式本科二批_征集志愿_第一次_mimo-v2-omni.xlsx,
文件夹,C:\Users\Administrator\Documents\VolunteerHelper\data\13_征集志愿\普通高考\少数民族\3337_一类模式_第一次_2023_专科批,C:\Users\Administrator\Documents\VolunteerHelper\data\13_征集志愿\普通高考\少数民族\3337_2023_文理综合_一类模式专科批_征集志愿_第一次,
xlsx,C:\Users\Administrator\Documents\VolunteerHelper\data\13_征集志愿\普通高考\少数民族\3337_一类模式_第一次_2023_专科批\3337_征集志愿_第一次_2023_mimo-v2-omni.xlsx,C:\Users\Administrator\Documents\VolunteerHelper\data\13_征集志愿\普通高考\少数民族\3337_2023_文理综合_一类模式专科批_征集志愿_第一次\3337_2023_文理综合_一类模式专科批_征集志愿_第一次_mimo-v2-omni.xlsx,
文件夹,C:\Users\Administrator\Documents\VolunteerHelper\data\13_征集志愿\普通高考\少数民族\3793_一类模式_第一次_2024_本科一批,C:\Users\Administrator\Documents\VolunteerHelper\data\13_征集志愿\普通高考\少数民族\3793_2024_文理综合_一类模式本科一批_征集志愿_第一次,
xlsx,C:\Users\Administrator\Documents\VolunteerHelper\data\13_征集志愿\普通高考\少数民族\3793_一类模式_第一次_2024_本科一批\3793_征集志愿_第一次_2024_mimo-v2-omni.xlsx,C:\Users\Administrator\Documents\VolunteerHelper\data\13_征集志愿\普通高考\少数民族\3793_2024_文理综合_一类模式本科一批_征集志愿_第一次\3793_2024_文理综合_一类模式本科一批_征集志愿_第一次_mimo-v2-omni.xlsx,
文件夹,C:\Users\Administrator\Documents\VolunteerHelper\data\13_征集志愿\普通高考\少数民族\3807_一类模式_第一次_2024_本科第一批预科,C:\Users\Administrator\Documents\VolunteerHelper\data\13_征集志愿\普通高考\少数民族\3807_2024_理科_一类模式本科一批预科_征集志愿_第一次,原文件夹名写作'本科第一批预科'，统一为'一类模式本科一批预科'
xlsx,C:\Users\Administrator\Documents\VolunteerHelper\data\13_征集志愿\普通高考\少数民族\3807_一类模式_第一次_2024_本科第一批预科\3807_征集志愿_第一次_2024_mimo-v2-omni.xlsx,C:\Users\Administrator\Documents\VolunteerHelper\data\13_征集志愿\普通高考\少数民族\3807_2024_理科_一类模式本科一批预科_征集志愿_第一次\3807_2024_理科_一类模式本科一批预科_征集志愿_第一次_mimo-v2-omni.xlsx,
文件夹,C:\Users\Administrator\Documents\VolunteerHelper\data\13_征集志愿\普通高考\少数民族\3819_一类模式_第一次_2024_本科二批,C:\Users\Administrator\Documents\VolunteerHelper\data\13_征集志愿\普通高考\少数民族\3819_2024_未分科_一类模式本科二批_征集志愿_第一次,空表，科类用未分科；原名批次'本科二批'按真值表归入'一类模式本科二批'
xlsx,C:\Users\Administrator\Documents\VolunteerHelper\data\13_征集志愿\普通高考\少数民族\3819_一类模式_第一次_2024_本科二批\3819_征集志愿_第一次_2024_mimo-v2-omni.xlsx,C:\Users\Administrator\Documents\VolunteerHelper\data\13_征集志愿\普通高考\少数民族\3819_2024_未分科_一类模式本科二批_征集志愿_第一次\3819_2024_未分科_一类模式本科二批_征集志愿_第一次_mimo-v2-omni.xlsx,
文件夹,C:\Users\Administrator\Documents\VolunteerHelper\data\13_征集志愿\普通高考\少数民族\3854_一类模式_第一次_2024_专科批,C:\Users\Administrator\Documents\VolunteerHelper\data\13_征集志愿\普通高考\少数民族\3854_2024_文理综合_一类模式专科批_征集志愿_第一次,
xlsx,C:\Users\Administrator\Documents\VolunteerHelper\data\13_征集志愿\普通高考\少数民族\3854_一类模式_第一次_2024_专科批\3854_征集志愿_第一次_2024_mimo-v2-omni.xlsx,C:\Users\Administrator\Documents\VolunteerHelper\data\13_征集志愿\普通高考\少数民族\3854_2024_文理综合_一类模式专科批_征集志愿_第一次\3854_2024_文理综合_一类模式专科批_征集志愿_第一次_mimo-v2-omni.xlsx,
文件夹,C:\Users\Administrator\Documents\VolunteerHelper\data\13_征集志愿\普通高考\少数民族\4409_少数民族语言授课为主_第一次_2025_本科批,C:\Users\Administrator\Documents\VolunteerHelper\data\13_征集志愿\普通高考\少数民族\4409_2025_物历综合_原民族语言授课为主本科批次+原加授少数民族语文本科批次_征集志愿_第一次,
xlsx,C:\Users\Administrator\Documents\VolunteerHelper\data\13_征集志愿\普通高考\少数民族\4409_少数民族语言授课为主_第一次_2025_本科批\4409_征集志愿_第一次_2025_mimo-v2-omni.xlsx,C:\Users\Administrator\Documents\VolunteerHelper\data\13_征集志愿\普通高考\少数民族\4409_2025_物历综合_原民族语言授课为主本科批次+原加授少数民族语文本科批次_征集志愿_第一次\4409_2025_物历综合_原民族语言授课为主本科批次+原加授少数民族语文本科批次_征集志愿_第一次_mimo-v2-omni.xlsx,
xlsx,C:\Users\Administrator\Documents\VolunteerHelper\data\13_征集志愿\普通高考\少数民族\4409_少数民族语言授课为主_第一次_2025_本科批\4409_征集志愿_第一次_2025_mimo-v2-omni_corrected.xlsx,C:\Users\Administrator\Documents\VolunteerHelper\data\13_征集志愿\普通高考\少数民族\4409_2025_物历综合_原民族语言授课为主本科批次+原加授少数民族语文本科批次_征集志愿_第一次\4409_2025_物历综合_原民族语言授课为主本科批次+原加授少数民族语文本科批次_征集志愿_第一次_mimo-v2-omni_corrected.xlsx,
文件夹,C:\Users\Administrator\Documents\VolunteerHelper\data\13_征集志愿\普通高考\少数民族\4412_征集志愿_第二次_2025_本科批次B段、预科,C:\Users\Administrator\Documents\VolunteerHelper\data\13_征集志愿\普通高考\少数民族\4412_2025_物历综合_本科批次_B段+B段原民族语言授课为主预科_征集志愿_第二次,
xlsx,C:\Users\Administrator\Documents\VolunteerHelper\data\13_征集志愿\普通高考\少数民族\4412_征集志愿_第二次_2025_本科批次B段、预科\4412_征集志愿_第二次_2025_mimo-v2-omni.xlsx,C:\Users\Administrator\Documents\VolunteerHelper\data\13_征集志愿\普通高考\少数民族\4412_2025_物历综合_本科批次_B段+B段原民族语言授课为主预科_征集志愿_第二次\4412_2025_物历综合_本科批次_B段+B段原民族语言授课为主预科_征集志愿_第二次_mimo-v2-omni.xlsx,
文件夹,C:\Users\Administrator\Documents\VolunteerHelper\data\13_征集志愿\普通高考\少数民族\4413_征集志愿_第一次_2025_本科批,C:\Users\Administrator\Documents\VolunteerHelper\data\13_征集志愿\普通高考\少数民族\4413_2025_物历综合_本科批次_区域教育均衡+省属高校少数民族预科_征集志愿_第一次,
xlsx,C:\Users\Administrator\Documents\VolunteerHelper\data\13_征集志愿\普通高考\少数民族\4413_征集志愿_第一次_2025_本科批\4413_征集志愿_第一次_2025_mimo-v2-omni.xlsx,C:\Users\Administrator\Documents\VolunteerHelper\data\13_征集志愿\普通高考\少数民族\4413_2025_物历综合_本科批次_区域教育均衡+省属高校少数民族预科_征集志愿_第一次\4413_2025_物历综合_本科批次_区域教育均衡+省属高校少数民族预科_征集志愿_第一次_mimo-v2-omni.xlsx,
xlsx,C:\Users\Administrator\Documents\VolunteerHelper\data\13_征集志愿\普通高考\少数民族\4413_征集志愿_第一次_2025_本科批\4413_征集志愿_第一次_2025_mimo-v2-omni_corrected.xlsx,C:\Users\Administrator\Documents\VolunteerHelper\data\13_征集志愿\普通高考\少数民族\4413_2025_物历综合_本科批次_区域教育均衡+省属高校少数民族预科_征集志愿_第一次\4413_2025_物历综合_本科批次_区域教育均衡+省属高校少数民族预科_征集志愿_第一次_mimo-v2-omni_corrected.xlsx,
文件夹,C:\Users\Administrator\Documents\VolunteerHelper\data\13_征集志愿\普通高考\少数民族\4418_省属高校少数民族预科_第二次_2025_物理类_征集志愿_第二次_2025_本科二批预科,C:\Users\Administrator\Documents\VolunteerHelper\data\13_征集志愿\普通高考\少数民族\4418_2025_物理类_本科批次_省属高校少数民族预科_征集志愿_第二次,
xlsx,C:\Users\Administrator\Documents\VolunteerHelper\data\13_征集志愿\普通高考\少数民族\4418_省属高校少数民族预科_第二次_2025_物理类_征集志愿_第二次_2025_本科二批预科\4418_征集志愿_第二次_2025_claude.xlsx,C:\Users\Administrator\Documents\VolunteerHelper\data\13_征集志愿\普通高考\少数民族\4418_2025_物理类_本科批次_省属高校少数民族预科_征集志愿_第二次\4418_2025_物理类_本科批次_省属高校少数民族预科_征集志愿_第二次_claude.xlsx,
xlsx,C:\Users\Administrator\Documents\VolunteerHelper\data\13_征集志愿\普通高考\少数民族\4418_省属高校少数民族预科_第二次_2025_物理类_征集志愿_第二次_2025_本科二批预科\4418_征集志愿_第二次_2025_物理类_征集志愿_第二次_2025_mimo-v2-omni.xlsx,C:\Users\Administrator\Documents\VolunteerHelper\data\13_征集志愿\普通高考\少数民族\4418_2025_物理类_本科批次_省属高校少数民族预科_征集志愿_第二次\4418_2025_物理类_本科批次_省属高校少数民族预科_征集志愿_第二次_mimo-v2-omni.xlsx,
xlsx,C:\Users\Administrator\Documents\VolunteerHelper\data\13_征集志愿\普通高考\少数民族\4418_省属高校少数民族预科_第二次_2025_物理类_征集志愿_第二次_2025_本科二批预科\4418_征集志愿_第二次_2025_物理类_征集志愿_第二次_2025_mimo-v2-omni_corrected.xlsx,C:\Users\Administrator\Documents\VolunteerHelper\data\13_征集志愿\普通高考\少数民族\4418_2025_物理类_本科批次_省属高校少数民族预科_征集志愿_第二次\4418_2025_物理类_本科批次_省属高校少数民族预科_征集志愿_第二次_mimo-v2-omni_corrected.xlsx,
文件夹,C:\Users\Administrator\Documents\VolunteerHelper\data\13_征集志愿\普通高考\少数民族\4431_少数民族语言授课为主_第一次_2025_专科批,C:\Users\Administrator\Documents\VolunteerHelper\data\13_征集志愿\普通高考\少数民族\4431_2025_物历综合_原民族语言授课为主专科批次+原加授少数民族语文专科批次_征集志愿_第一次,
xlsx,C:\Users\Administrator\Documents\VolunteerHelper\data\13_征集志愿\普通高考\少数民族\4431_少数民族语言授课为主_第一次_2025_专科批\4431_征集志愿_第一次_2025_mimo-v2-omni.xlsx,C:\Users\Administrator\Documents\VolunteerHelper\data\13_征集志愿\普通高考\少数民族\4431_2025_物历综合_原民族语言授课为主专科批次+原加授少数民族语文专科批次_征集志愿_第一次\4431_2025_物历综合_原民族语言授课为主专科批次+原加授少数民族语文专科批次_征集志愿_第一次_mimo-v2-omni.xlsx,
文件夹,C:\Users\Administrator\Documents\VolunteerHelper\data\13_征集志愿\普通高考\少数民族\4435_少数民族语言授课为主_第二次_2025_专科民族类_征集志愿_第二次_2025_专科批,C:\Users\Administrator\Documents\VolunteerHelper\data\13_征集志愿\普通高考\少数民族\4435_2025_物历综合_原民族语言授课为主专科批次+原加授少数民族语文专科批次_征集志愿_第二次,
xlsx,C:\Users\Administrator\Documents\VolunteerHelper\data\13_征集志愿\普通高考\少数民族\4435_少数民族语言授课为主_第二次_2025_专科民族类_征集志愿_第二次_2025_专科批\4435_征集志愿_第二次_2025_claude.xlsx,C:\Users\Administrator\Documents\VolunteerHelper\data\13_征集志愿\普通高考\少数民族\4435_2025_物历综合_原民族语言授课为主专科批次+原加授少数民族语文专科批次_征集志愿_第二次\4435_2025_物历综合_原民族语言授课为主专科批次+原加授少数民族语文专科批次_征集志愿_第二次_claude.xlsx,
xlsx,C:\Users\Administrator\Documents\VolunteerHelper\data\13_征集志愿\普通高考\少数民族\4435_少数民族语言授课为主_第二次_2025_专科民族类_征集志愿_第二次_2025_专科批\4435_征集志愿_第二次_2025_专科民族类_征集志愿_第二次_2025_mimo-v2-omni.xlsx,C:\Users\Administrator\Documents\VolunteerHelper\data\13_征集志愿\普通高考\少数民族\4435_2025_物历综合_原民族语言授课为主专科批次+原加授少数民族语文专科批次_征集志愿_第二次\4435_2025_物历综合_原民族语言授课为主专科批次+原加授少数民族语文专科批次_征集志愿_第二次_mimo-v2-omni.xlsx,
xlsx,C:\Users\Administrator\Documents\VolunteerHelper\data\13_征集志愿\普通高考\少数民族\4435_少数民族语言授课为主_第二次_2025_专科民族类_征集志愿_第二次_2025_专科批\4435_征集志愿_第二次_2025_专科民族类_征集志愿_第二次_2025_mimo-v2-omni_corrected.xlsx,C:\Users\Administrator\Documents\VolunteerHelper\data\13_征集志愿\普通高考\少数民族\4435_2025_物历综合_原民族语言授课为主专科批次+原加授少数民族语文专科批次_征集志愿_第二次\4435_2025_物历综合_原民族语言授课为主专科批次+原加授少数民族语文专科批次_征集志愿_第二次_mimo-v2-omni_corrected.xlsx,
文件夹,C:\Users\Administrator\Documents\VolunteerHelper\data\13_征集志愿\普通高考\提前批\3269_征集志愿_第一次_2023_本科提前批,C:\Users\Administrator\Documents\VolunteerHelper\data\13_征集志愿\普通高考\提前批\3269_2023_理科_本科提前批_军事+公安+司法+航海类_征集志愿_第一次,
xlsx,C:\Users\Administrator\Documents\VolunteerHelper\data\13_征集志愿\普通高考\提前批\3269_征集志愿_第一次_2023_本科提前批\3269_征集志愿_第一次_2023_mimo-v2-omni.xlsx,C:\Users\Administrator\Documents\VolunteerHelper\data\13_征集志愿\普通高考\提前批\3269_2023_理科_本科提前批_军事+公安+司法+航海类_征集志愿_第一次\3269_2023_理科_本科提前批_军事+公安+司法+航海类_征集志愿_第一次_mimo-v2-omni.xlsx,
文件夹,C:\Users\Administrator\Documents\VolunteerHelper\data\13_征集志愿\普通高考\提前批\3329_征集志愿_第一次_2023_专科提前批,C:\Users\Administrator\Documents\VolunteerHelper\data\13_征集志愿\普通高考\提前批\3329_2023_文理综合_专科提前批_军事+公安+司法+航空服务_征集志愿_第一次,
xlsx,C:\Users\Administrator\Documents\VolunteerHelper\data\13_征集志愿\普通高考\提前批\3329_征集志愿_第一次_2023_专科提前批\3329_征集志愿_第一次_2023_mimo-v2-omni.xlsx,C:\Users\Administrator\Documents\VolunteerHelper\data\13_征集志愿\普通高考\提前批\3329_2023_文理综合_专科提前批_军事+公安+司法+航空服务_征集志愿_第一次\3329_2023_文理综合_专科提前批_军事+公安+司法+航空服务_征集志愿_第一次_mimo-v2-omni.xlsx,
文件夹,C:\Users\Administrator\Documents\VolunteerHelper\data\13_征集志愿\普通高考\提前批\3330_征集志愿_第二次_2023_专科提前批,C:\Users\Administrator\Documents\VolunteerHelper\data\13_征集志愿\普通高考\提前批\3330_2023_文理综合_专科提前批_军事+公安+司法+航空服务_征集志愿_第二次,
xlsx,C:\Users\Administrator\Documents\VolunteerHelper\data\13_征集志愿\普通高考\提前批\3330_征集志愿_第二次_2023_专科提前批\3330_征集志愿_第二次_2023_mimo-v2-omni.xlsx,C:\Users\Administrator\Documents\VolunteerHelper\data\13_征集志愿\普通高考\提前批\3330_2023_文理综合_专科提前批_军事+公安+司法+航空服务_征集志愿_第二次\3330_2023_文理综合_专科提前批_军事+公安+司法+航空服务_征集志愿_第二次_mimo-v2-omni.xlsx,
文件夹,C:\Users\Administrator\Documents\VolunteerHelper\data\13_征集志愿\普通高考\提前批\3778_征集志愿_第一次_2024_本科提前批,C:\Users\Administrator\Documents\VolunteerHelper\data\13_征集志愿\普通高考\提前批\3778_2024_未分科_本科提前批_征集志愿_第一次,空表，科类无法判定，用未分科
xlsx,C:\Users\Administrator\Documents\VolunteerHelper\data\13_征集志愿\普通高考\提前批\3778_征集志愿_第一次_2024_本科提前批\3778_征集志愿_第一次_2024_mimo-v2-omni.xlsx,C:\Users\Administrator\Documents\VolunteerHelper\data\13_征集志愿\普通高考\提前批\3778_2024_未分科_本科提前批_征集志愿_第一次\3778_2024_未分科_本科提前批_征集志愿_第一次_mimo-v2-omni.xlsx,
文件夹,C:\Users\Administrator\Documents\VolunteerHelper\data\13_征集志愿\普通高考\提前批\3837_征集志愿_第一次_2024_专科提前批,C:\Users\Administrator\Documents\VolunteerHelper\data\13_征集志愿\普通高考\提前批\3837_2024_文理综合_专科提前批_军事+公安+司法+航海类_征集志愿_第一次,
xlsx,C:\Users\Administrator\Documents\VolunteerHelper\data\13_征集志愿\普通高考\提前批\3837_征集志愿_第一次_2024_专科提前批\3837_征集志愿_第一次_2024_mimo-v2-omni.xlsx,C:\Users\Administrator\Documents\VolunteerHelper\data\13_征集志愿\普通高考\提前批\3837_2024_文理综合_专科提前批_军事+公安+司法+航海类_征集志愿_第一次\3837_2024_文理综合_专科提前批_军事+公安+司法+航海类_征集志愿_第一次_mimo-v2-omni.xlsx,
文件夹,C:\Users\Administrator\Documents\VolunteerHelper\data\13_征集志愿\普通高考\提前批\3839_征集志愿_第二次_2024_专科提前批,C:\Users\Administrator\Documents\VolunteerHelper\data\13_征集志愿\普通高考\提前批\3839_2024_文理综合_专科提前批_军事+公安+司法+航海类_征集志愿_第二次,
xlsx,C:\Users\Administrator\Documents\VolunteerHelper\data\13_征集志愿\普通高考\提前批\3839_征集志愿_第二次_2024_专科提前批\3839_征集志愿_第二次_2024_mimo-v2-omni.xlsx,C:\Users\Administrator\Documents\VolunteerHelper\data\13_征集志愿\普通高考\提前批\3839_2024_文理综合_专科提前批_军事+公安+司法+航海类_征集志愿_第二次\3839_2024_文理综合_专科提前批_军事+公安+司法+航海类_征集志愿_第二次_mimo-v2-omni.xlsx,
文件夹,C:\Users\Administrator\Documents\VolunteerHelper\data\13_征集志愿\普通高考\提前批\4387_征集志愿_第一次_2025_本科提前批次A段,C:\Users\Administrator\Documents\VolunteerHelper\data\13_征集志愿\普通高考\提前批\4387_2025_物理类_本科提前批次_A段_征集志愿_第一次,
xlsx,C:\Users\Administrator\Documents\VolunteerHelper\data\13_征集志愿\普通高考\提前批\4387_征集志愿_第一次_2025_本科提前批次A段\4387_征集志愿_第一次_2025_mimo-v2-omni.xlsx,C:\Users\Administrator\Documents\VolunteerHelper\data\13_征集志愿\普通高考\提前批\4387_2025_物理类_本科提前批次_A段_征集志愿_第一次\4387_2025_物理类_本科提前批次_A段_征集志愿_第一次_mimo-v2-omni.xlsx,
文件夹,C:\Users\Administrator\Documents\VolunteerHelper\data\13_征集志愿\普通高考\提前批\4395_征集志愿_第一次_2025_本科提前批次B段,C:\Users\Administrator\Documents\VolunteerHelper\data\13_征集志愿\普通高考\提前批\4395_2025_物历综合_本科提前批次_B段_征集志愿_第一次,
xlsx,C:\Users\Administrator\Documents\VolunteerHelper\data\13_征集志愿\普通高考\提前批\4395_征集志愿_第一次_2025_本科提前批次B段\4395_征集志愿_第一次_2025_mimo-v2-omni.xlsx,C:\Users\Administrator\Documents\VolunteerHelper\data\13_征集志愿\普通高考\提前批\4395_2025_物历综合_本科提前批次_B段_征集志愿_第一次\4395_2025_物历综合_本科提前批次_B段_征集志愿_第一次_mimo-v2-omni.xlsx,
文件夹,C:\Users\Administrator\Documents\VolunteerHelper\data\13_征集志愿\普通高考\提前批\4398_征集志愿_第二次_2025_本科提前批次B段,C:\Users\Administrator\Documents\VolunteerHelper\data\13_征集志愿\普通高考\提前批\4398_2025_物历综合_本科提前批次_B段_征集志愿_第二次,
xlsx,C:\Users\Administrator\Documents\VolunteerHelper\data\13_征集志愿\普通高考\提前批\4398_征集志愿_第二次_2025_本科提前批次B段\4398_征集志愿_第二次_2025_mimo-v2-omni.xlsx,C:\Users\Administrator\Documents\VolunteerHelper\data\13_征集志愿\普通高考\提前批\4398_2025_物历综合_本科提前批次_B段_征集志愿_第二次\4398_2025_物历综合_本科提前批次_B段_征集志愿_第二次_mimo-v2-omni.xlsx,
文件夹,C:\Users\Administrator\Documents\VolunteerHelper\data\13_征集志愿\普通高考\提前批\4423_征集志愿_第一次_2025_专科提前批_征集志愿_第一次_2025_专科提前批,C:\Users\Administrator\Documents\VolunteerHelper\data\13_征集志愿\普通高考\提前批\4423_2025_物历综合_专科提前批次_定向培养军士+航海类_征集志愿_第一次,
xlsx,C:\Users\Administrator\Documents\VolunteerHelper\data\13_征集志愿\普通高考\提前批\4423_征集志愿_第一次_2025_专科提前批_征集志愿_第一次_2025_专科提前批\4423_征集志愿_第一次_2025_claude.xlsx,C:\Users\Administrator\Documents\VolunteerHelper\data\13_征集志愿\普通高考\提前批\4423_2025_物历综合_专科提前批次_定向培养军士+航海类_征集志愿_第一次\4423_2025_物历综合_专科提前批次_定向培养军士+航海类_征集志愿_第一次_claude.xlsx,
xlsx,C:\Users\Administrator\Documents\VolunteerHelper\data\13_征集志愿\普通高考\提前批\4423_征集志愿_第一次_2025_专科提前批_征集志愿_第一次_2025_专科提前批\4423_征集志愿_第一次_2025_专科提前批_征集志愿_第一次_2025_mimo-v2-omni.xlsx,C:\Users\Administrator\Documents\VolunteerHelper\data\13_征集志愿\普通高考\提前批\4423_2025_物历综合_专科提前批次_定向培养军士+航海类_征集志愿_第一次\4423_2025_物历综合_专科提前批次_定向培养军士+航海类_征集志愿_第一次_mimo-v2-omni.xlsx,
文件夹,C:\Users\Administrator\Documents\VolunteerHelper\data\13_征集志愿\普通高考\本科批次\3284_征集志愿_第一次_2023_本科一批,C:\Users\Administrator\Documents\VolunteerHelper\data\13_征集志愿\普通高考\本科批次\3284_2023_文理综合_本科一批_征集志愿_第一次,
xlsx,C:\Users\Administrator\Documents\VolunteerHelper\data\13_征集志愿\普通高考\本科批次\3284_征集志愿_第一次_2023_本科一批\3284_征集志愿_第一次_2023_mimo-v2-omni.xlsx,C:\Users\Administrator\Documents\VolunteerHelper\data\13_征集志愿\普通高考\本科批次\3284_2023_文理综合_本科一批_征集志愿_第一次\3284_2023_文理综合_本科一批_征集志愿_第一次_mimo-v2-omni.xlsx,
文件夹,C:\Users\Administrator\Documents\VolunteerHelper\data\13_征集志愿\普通高考\本科批次\3289_征集志愿_第二次_2023_本科一批,C:\Users\Administrator\Documents\VolunteerHelper\data\13_征集志愿\普通高考\本科批次\3289_2023_文理综合_本科一批_征集志愿_第二次,
xlsx,C:\Users\Administrator\Documents\VolunteerHelper\data\13_征集志愿\普通高考\本科批次\3289_征集志愿_第二次_2023_本科一批\3289_征集志愿_第二次_2023_mimo-v2-omni.xlsx,C:\Users\Administrator\Documents\VolunteerHelper\data\13_征集志愿\普通高考\本科批次\3289_2023_文理综合_本科一批_征集志愿_第二次\3289_2023_文理综合_本科一批_征集志愿_第二次_mimo-v2-omni.xlsx,
文件夹,C:\Users\Administrator\Documents\VolunteerHelper\data\13_征集志愿\普通高考\本科批次\3290_征集志愿_第一次_2023_本科一批预科,C:\Users\Administrator\Documents\VolunteerHelper\data\13_征集志愿\普通高考\本科批次\3290_2023_文理综合_本科一批预科_征集志愿_第一次,
xlsx,C:\Users\Administrator\Documents\VolunteerHelper\data\13_征集志愿\普通高考\本科批次\3290_征集志愿_第一次_2023_本科一批预科\3290_征集志愿_第一次_2023_mimo-v2-omni.xlsx,C:\Users\Administrator\Documents\VolunteerHelper\data\13_征集志愿\普通高考\本科批次\3290_2023_文理综合_本科一批预科_征集志愿_第一次\3290_2023_文理综合_本科一批预科_征集志愿_第一次_mimo-v2-omni.xlsx,
文件夹,C:\Users\Administrator\Documents\VolunteerHelper\data\13_征集志愿\普通高考\本科批次\3293_征集志愿_第三次_2023_本科一批,C:\Users\Administrator\Documents\VolunteerHelper\data\13_征集志愿\普通高考\本科批次\3293_2023_文理综合_本科一批_征集志愿_第三次,
xlsx,C:\Users\Administrator\Documents\VolunteerHelper\data\13_征集志愿\普通高考\本科批次\3293_征集志愿_第三次_2023_本科一批\3293_征集志愿_第三次_2023_mimo-v2-omni.xlsx,C:\Users\Administrator\Documents\VolunteerHelper\data\13_征集志愿\普通高考\本科批次\3293_2023_文理综合_本科一批_征集志愿_第三次\3293_2023_文理综合_本科一批_征集志愿_第三次_mimo-v2-omni.xlsx,
文件夹,C:\Users\Administrator\Documents\VolunteerHelper\data\13_征集志愿\普通高考\本科批次\3296_征集志愿_第二次_2023_本科一批预科,C:\Users\Administrator\Documents\VolunteerHelper\data\13_征集志愿\普通高考\本科批次\3296_2023_理科_本科一批预科_征集志愿_第二次,
xlsx,C:\Users\Administrator\Documents\VolunteerHelper\data\13_征集志愿\普通高考\本科批次\3296_征集志愿_第二次_2023_本科一批预科\3296_征集志愿_第二次_2023_mimo-v2-omni.xlsx,C:\Users\Administrator\Documents\VolunteerHelper\data\13_征集志愿\普通高考\本科批次\3296_2023_理科_本科一批预科_征集志愿_第二次\3296_2023_理科_本科一批预科_征集志愿_第二次_mimo-v2-omni.xlsx,
文件夹,C:\Users\Administrator\Documents\VolunteerHelper\data\13_征集志愿\普通高考\本科批次\3309_征集志愿_第一次_2023_本科二批,C:\Users\Administrator\Documents\VolunteerHelper\data\13_征集志愿\普通高考\本科批次\3309_2023_文理综合_本科二批_征集志愿_第一次,
xlsx,C:\Users\Administrator\Documents\VolunteerHelper\data\13_征集志愿\普通高考\本科批次\3309_征集志愿_第一次_2023_本科二批\3309_征集志愿_第一次_2023_mimo-v2-omni.xlsx,C:\Users\Administrator\Documents\VolunteerHelper\data\13_征集志愿\普通高考\本科批次\3309_2023_文理综合_本科二批_征集志愿_第一次\3309_2023_文理综合_本科二批_征集志愿_第一次_mimo-v2-omni.xlsx,
文件夹,C:\Users\Administrator\Documents\VolunteerHelper\data\13_征集志愿\普通高考\本科批次\3311_征集志愿_第一次_2023_二类模式本科批,C:\Users\Administrator\Documents\VolunteerHelper\data\13_征集志愿\普通高考\本科批次\3311_2023_理科_二类模式本科批_征集志愿_第一次,
xlsx,C:\Users\Administrator\Documents\VolunteerHelper\data\13_征集志愿\普通高考\本科批次\3311_征集志愿_第一次_2023_二类模式本科批\3311_征集志愿_第一次_2023_mimo-v2-omni.xlsx,C:\Users\Administrator\Documents\VolunteerHelper\data\13_征集志愿\普通高考\本科批次\3311_2023_理科_二类模式本科批_征集志愿_第一次\3311_2023_理科_二类模式本科批_征集志愿_第一次_mimo-v2-omni.xlsx,
文件夹,C:\Users\Administrator\Documents\VolunteerHelper\data\13_征集志愿\普通高考\本科批次\3314_征集志愿_第二次_2023_本科二批,C:\Users\Administrator\Documents\VolunteerHelper\data\13_征集志愿\普通高考\本科批次\3314_2023_文理综合_本科二批_征集志愿_第二次,
xlsx,C:\Users\Administrator\Documents\VolunteerHelper\data\13_征集志愿\普通高考\本科批次\3314_征集志愿_第二次_2023_本科二批\3314_征集志愿_第二次_2023_mimo-v2-omni.xlsx,C:\Users\Administrator\Documents\VolunteerHelper\data\13_征集志愿\普通高考\本科批次\3314_2023_文理综合_本科二批_征集志愿_第二次\3314_2023_文理综合_本科二批_征集志愿_第二次_mimo-v2-omni.xlsx,
文件夹,C:\Users\Administrator\Documents\VolunteerHelper\data\13_征集志愿\普通高考\本科批次\3316_征集志愿_第一次_2023_本科二批预科,C:\Users\Administrator\Documents\VolunteerHelper\data\13_征集志愿\普通高考\本科批次\3316_2023_文理综合_本科二批预科_征集志愿_第一次,
xlsx,C:\Users\Administrator\Documents\VolunteerHelper\data\13_征集志愿\普通高考\本科批次\3316_征集志愿_第一次_2023_本科二批预科\3316_征集志愿_第一次_2023_mimo-v2-omni.xlsx,C:\Users\Administrator\Documents\VolunteerHelper\data\13_征集志愿\普通高考\本科批次\3316_2023_文理综合_本科二批预科_征集志愿_第一次\3316_2023_文理综合_本科二批预科_征集志愿_第一次_mimo-v2-omni.xlsx,
文件夹,C:\Users\Administrator\Documents\VolunteerHelper\data\13_征集志愿\普通高考\本科批次\3321_征集志愿_第三次_2023_本科二批,C:\Users\Administrator\Documents\VolunteerHelper\data\13_征集志愿\普通高考\本科批次\3321_2023_文理综合_本科二批_征集志愿_第三次,
xlsx,C:\Users\Administrator\Documents\VolunteerHelper\data\13_征集志愿\普通高考\本科批次\3321_征集志愿_第三次_2023_本科二批\3321_征集志愿_第三次_2023_mimo-v2-omni.xlsx,C:\Users\Administrator\Documents\VolunteerHelper\data\13_征集志愿\普通高考\本科批次\3321_2023_文理综合_本科二批_征集志愿_第三次\3321_2023_文理综合_本科二批_征集志愿_第三次_mimo-v2-omni.xlsx,
文件夹,C:\Users\Administrator\Documents\VolunteerHelper\data\13_征集志愿\普通高考\本科批次\3322_征集志愿_第二次_2023_本科二批预科,C:\Users\Administrator\Documents\VolunteerHelper\data\13_征集志愿\普通高考\本科批次\3322_2023_理科_本科二批预科_征集志愿_第二次,
xlsx,C:\Users\Administrator\Documents\VolunteerHelper\data\13_征集志愿\普通高考\本科批次\3322_征集志愿_第二次_2023_本科二批预科\3322_征集志愿_第二次_2023_mimo-v2-omni.xlsx,C:\Users\Administrator\Documents\VolunteerHelper\data\13_征集志愿\普通高考\本科批次\3322_2023_理科_本科二批预科_征集志愿_第二次\3322_2023_理科_本科二批预科_征集志愿_第二次_mimo-v2-omni.xlsx,
文件夹,C:\Users\Administrator\Documents\VolunteerHelper\data\13_征集志愿\普通高考\本科批次\3324_征集志愿_第四次_2023_本科二批,C:\Users\Administrator\Documents\VolunteerHelper\data\13_征集志愿\普通高考\本科批次\3324_2023_文理综合_本科二批_征集志愿_第四次,
xlsx,C:\Users\Administrator\Documents\VolunteerHelper\data\13_征集志愿\普通高考\本科批次\3324_征集志愿_第四次_2023_本科二批\3324_征集志愿_第四次_2023_mimo-v2-omni.xlsx,C:\Users\Administrator\Documents\VolunteerHelper\data\13_征集志愿\普通高考\本科批次\3324_2023_文理综合_本科二批_征集志愿_第四次\3324_2023_文理综合_本科二批_征集志愿_第四次_mimo-v2-omni.xlsx,
文件夹,C:\Users\Administrator\Documents\VolunteerHelper\data\13_征集志愿\普通高考\本科批次\3792_征集志愿_第一次_2024_本科一批,C:\Users\Administrator\Documents\VolunteerHelper\data\13_征集志愿\普通高考\本科批次\3792_2024_文理综合_本科一批_征集志愿_第一次,
xlsx,C:\Users\Administrator\Documents\VolunteerHelper\data\13_征集志愿\普通高考\本科批次\3792_征集志愿_第一次_2024_本科一批\3792_征集志愿_第一次_2024_mimo-v2-omni.xlsx,C:\Users\Administrator\Documents\VolunteerHelper\data\13_征集志愿\普通高考\本科批次\3792_2024_文理综合_本科一批_征集志愿_第一次\3792_2024_文理综合_本科一批_征集志愿_第一次_mimo-v2-omni.xlsx,
文件夹,C:\Users\Administrator\Documents\VolunteerHelper\data\13_征集志愿\普通高考\本科批次\3799_征集志愿_第二次_2024_本科一批,C:\Users\Administrator\Documents\VolunteerHelper\data\13_征集志愿\普通高考\本科批次\3799_2024_文理综合_本科一批_征集志愿_第二次,
xlsx,C:\Users\Administrator\Documents\VolunteerHelper\data\13_征集志愿\普通高考\本科批次\3799_征集志愿_第二次_2024_本科一批\3799_征集志愿_第二次_2024_mimo-v2-omni.xlsx,C:\Users\Administrator\Documents\VolunteerHelper\data\13_征集志愿\普通高考\本科批次\3799_2024_文理综合_本科一批_征集志愿_第二次\3799_2024_文理综合_本科一批_征集志愿_第二次_mimo-v2-omni.xlsx,
文件夹,C:\Users\Administrator\Documents\VolunteerHelper\data\13_征集志愿\普通高考\本科批次\3801_征集志愿_第一次_2024_本科一批预科,C:\Users\Administrator\Documents\VolunteerHelper\data\13_征集志愿\普通高考\本科批次\3801_2024_文理综合_本科一批预科_征集志愿_第一次,
xlsx,C:\Users\Administrator\Documents\VolunteerHelper\data\13_征集志愿\普通高考\本科批次\3801_征集志愿_第一次_2024_本科一批预科\3801_征集志愿_第一次_2024_claude.xlsx,C:\Users\Administrator\Documents\VolunteerHelper\data\13_征集志愿\普通高考\本科批次\3801_2024_文理综合_本科一批预科_征集志愿_第一次\3801_2024_文理综合_本科一批预科_征集志愿_第一次_claude.xlsx,
补充数据,C:\Users\Administrator\Documents\VolunteerHelper\data\13_征集志愿\普通高考\本科批次\3801_征集志愿_第一次_2024_本科一批预科\supplementary_2025_PaddleOCR-VL-1.5.xlsx,C:\Users\Administrator\Documents\VolunteerHelper\data\13_征集志愿\普通高考\本科批次\3801_2024_文理综合_本科一批预科_征集志愿_第一次\3801_2024_文理综合_本科一批预科_征集志愿_第一次_补充数据_PaddleOCR-VL-1.5.xlsx,
文件夹,C:\Users\Administrator\Documents\VolunteerHelper\data\13_征集志愿\普通高考\本科批次\3805_征集志愿_第三次_2024_本科一批,C:\Users\Administrator\Documents\VolunteerHelper\data\13_征集志愿\普通高考\本科批次\3805_2024_文理综合_本科一批_征集志愿_第三次,
xlsx,C:\Users\Administrator\Documents\VolunteerHelper\data\13_征集志愿\普通高考\本科批次\3805_征集志愿_第三次_2024_本科一批\3805_征集志愿_第三次_2024_claude.xlsx,C:\Users\Administrator\Documents\VolunteerHelper\data\13_征集志愿\普通高考\本科批次\3805_2024_文理综合_本科一批_征集志愿_第三次\3805_2024_文理综合_本科一批_征集志愿_第三次_claude.xlsx,
补充数据,C:\Users\Administrator\Documents\VolunteerHelper\data\13_征集志愿\普通高考\本科批次\3805_征集志愿_第三次_2024_本科一批\supplementary_2025_PaddleOCR-VL-1.5.xlsx,C:\Users\Administrator\Documents\VolunteerHelper\data\13_征集志愿\普通高考\本科批次\3805_2024_文理综合_本科一批_征集志愿_第三次\3805_2024_文理综合_本科一批_征集志愿_第三次_补充数据_PaddleOCR-VL-1.5.xlsx,
文件夹,C:\Users\Administrator\Documents\VolunteerHelper\data\13_征集志愿\普通高考\本科批次\3806_征集志愿_第二次_2024_本科一批预科,C:\Users\Administrator\Documents\VolunteerHelper\data\13_征集志愿\普通高考\本科批次\3806_2024_文理综合_本科一批预科_征集志愿_第二次,
xlsx,C:\Users\Administrator\Documents\VolunteerHelper\data\13_征集志愿\普通高考\本科批次\3806_征集志愿_第二次_2024_本科一批预科\3806_征集志愿_第二次_2024_claude.xlsx,C:\Users\Administrator\Documents\VolunteerHelper\data\13_征集志愿\普通高考\本科批次\3806_2024_文理综合_本科一批预科_征集志愿_第二次\3806_2024_文理综合_本科一批预科_征集志愿_第二次_claude.xlsx,
补充数据,C:\Users\Administrator\Documents\VolunteerHelper\data\13_征集志愿\普通高考\本科批次\3806_征集志愿_第二次_2024_本科一批预科\supplementary_2025_PaddleOCR-VL-1.5.xlsx,C:\Users\Administrator\Documents\VolunteerHelper\data\13_征集志愿\普通高考\本科批次\3806_2024_文理综合_本科一批预科_征集志愿_第二次\3806_2024_文理综合_本科一批预科_征集志愿_第二次_补充数据_PaddleOCR-VL-1.5.xlsx,
文件夹,C:\Users\Administrator\Documents\VolunteerHelper\data\13_征集志愿\普通高考\本科批次\3817_征集志愿_第一次_2024_本科二批,C:\Users\Administrator\Documents\VolunteerHelper\data\13_征集志愿\普通高考\本科批次\3817_2024_文理综合_本科二批_征集志愿_第一次,
xlsx,C:\Users\Administrator\Documents\VolunteerHelper\data\13_征集志愿\普通高考\本科批次\3817_征集志愿_第一次_2024_本科二批\3817_征集志愿_第一次_2024_claude.xlsx,C:\Users\Administrator\Documents\VolunteerHelper\data\13_征集志愿\普通高考\本科批次\3817_2024_文理综合_本科二批_征集志愿_第一次\3817_2024_文理综合_本科二批_征集志愿_第一次_claude.xlsx,
补充数据,C:\Users\Administrator\Documents\VolunteerHelper\data\13_征集志愿\普通高考\本科批次\3817_征集志愿_第一次_2024_本科二批\supplementary_2025_PaddleOCR-VL-1.5.xlsx,C:\Users\Administrator\Documents\VolunteerHelper\data\13_征集志愿\普通高考\本科批次\3817_2024_文理综合_本科二批_征集志愿_第一次\3817_2024_文理综合_本科二批_征集志愿_第一次_补充数据_PaddleOCR-VL-1.5.xlsx,
文件夹,C:\Users\Administrator\Documents\VolunteerHelper\data\13_征集志愿\普通高考\本科批次\3818_征集志愿_第一次_2024_二类模式本科批,C:\Users\Administrator\Documents\VolunteerHelper\data\13_征集志愿\普通高考\本科批次\3818_2024_文理综合_二类模式本科批_征集志愿_第一次,
xlsx,C:\Users\Administrator\Documents\VolunteerHelper\data\13_征集志愿\普通高考\本科批次\3818_征集志愿_第一次_2024_二类模式本科批\3818_征集志愿_第一次_2024_claude.xlsx,C:\Users\Administrator\Documents\VolunteerHelper\data\13_征集志愿\普通高考\本科批次\3818_2024_文理综合_二类模式本科批_征集志愿_第一次\3818_2024_文理综合_二类模式本科批_征集志愿_第一次_claude.xlsx,
补充数据,C:\Users\Administrator\Documents\VolunteerHelper\data\13_征集志愿\普通高考\本科批次\3818_征集志愿_第一次_2024_二类模式本科批\supplementary_2025_PaddleOCR-VL-1.5.xlsx,C:\Users\Administrator\Documents\VolunteerHelper\data\13_征集志愿\普通高考\本科批次\3818_2024_文理综合_二类模式本科批_征集志愿_第一次\3818_2024_文理综合_二类模式本科批_征集志愿_第一次_补充数据_PaddleOCR-VL-1.5.xlsx,
文件夹,C:\Users\Administrator\Documents\VolunteerHelper\data\13_征集志愿\普通高考\本科批次\3824_征集志愿_第二次_2024_本科二批,C:\Users\Administrator\Documents\VolunteerHelper\data\13_征集志愿\普通高考\本科批次\3824_2024_文理综合_本科二批_征集志愿_第二次,
xlsx,C:\Users\Administrator\Documents\VolunteerHelper\data\13_征集志愿\普通高考\本科批次\3824_征集志愿_第二次_2024_本科二批\3824_征集志愿_第二次_2024_claude.xlsx,C:\Users\Administrator\Documents\VolunteerHelper\data\13_征集志愿\普通高考\本科批次\3824_2024_文理综合_本科二批_征集志愿_第二次\3824_2024_文理综合_本科二批_征集志愿_第二次_claude.xlsx,
补充数据,C:\Users\Administrator\Documents\VolunteerHelper\data\13_征集志愿\普通高考\本科批次\3824_征集志愿_第二次_2024_本科二批\supplementary_2025_PaddleOCR-VL-1.5.xlsx,C:\Users\Administrator\Documents\VolunteerHelper\data\13_征集志愿\普通高考\本科批次\3824_2024_文理综合_本科二批_征集志愿_第二次\3824_2024_文理综合_本科二批_征集志愿_第二次_补充数据_PaddleOCR-VL-1.5.xlsx,
文件夹,C:\Users\Administrator\Documents\VolunteerHelper\data\13_征集志愿\普通高考\本科批次\3825_征集志愿_第一次_2024_本科二批预科,C:\Users\Administrator\Documents\VolunteerHelper\data\13_征集志愿\普通高考\本科批次\3825_2024_文理综合_本科二批预科_征集志愿_第一次,
xlsx,C:\Users\Administrator\Documents\VolunteerHelper\data\13_征集志愿\普通高考\本科批次\3825_征集志愿_第一次_2024_本科二批预科\3825_征集志愿_第一次_2024_claude.xlsx,C:\Users\Administrator\Documents\VolunteerHelper\data\13_征集志愿\普通高考\本科批次\3825_2024_文理综合_本科二批预科_征集志愿_第一次\3825_2024_文理综合_本科二批预科_征集志愿_第一次_claude.xlsx,
补充数据,C:\Users\Administrator\Documents\VolunteerHelper\data\13_征集志愿\普通高考\本科批次\3825_征集志愿_第一次_2024_本科二批预科\supplementary_2025_PaddleOCR-VL-1.5.xlsx,C:\Users\Administrator\Documents\VolunteerHelper\data\13_征集志愿\普通高考\本科批次\3825_2024_文理综合_本科二批预科_征集志愿_第一次\3825_2024_文理综合_本科二批预科_征集志愿_第一次_补充数据_PaddleOCR-VL-1.5.xlsx,
文件夹,C:\Users\Administrator\Documents\VolunteerHelper\data\13_征集志愿\普通高考\本科批次\3827_征集志愿_第三次_2024_本科二批,C:\Users\Administrator\Documents\VolunteerHelper\data\13_征集志愿\普通高考\本科批次\3827_2024_文理综合_本科二批_征集志愿_第三次,
xlsx,C:\Users\Administrator\Documents\VolunteerHelper\data\13_征集志愿\普通高考\本科批次\3827_征集志愿_第三次_2024_本科二批\3827_征集志愿_第三次_2024_claude.xlsx,C:\Users\Administrator\Documents\VolunteerHelper\data\13_征集志愿\普通高考\本科批次\3827_2024_文理综合_本科二批_征集志愿_第三次\3827_2024_文理综合_本科二批_征集志愿_第三次_claude.xlsx,
补充数据,C:\Users\Administrator\Documents\VolunteerHelper\data\13_征集志愿\普通高考\本科批次\3827_征集志愿_第三次_2024_本科二批\supplementary_2025_PaddleOCR-VL-1.5.xlsx,C:\Users\Administrator\Documents\VolunteerHelper\data\13_征集志愿\普通高考\本科批次\3827_2024_文理综合_本科二批_征集志愿_第三次\3827_2024_文理综合_本科二批_征集志愿_第三次_补充数据_PaddleOCR-VL-1.5.xlsx,
文件夹,C:\Users\Administrator\Documents\VolunteerHelper\data\13_征集志愿\普通高考\本科批次\3829_征集志愿_第二次_2024_本科二批预科,C:\Users\Administrator\Documents\VolunteerHelper\data\13_征集志愿\普通高考\本科批次\3829_2024_文理综合_本科二批预科_征集志愿_第二次,
xlsx,C:\Users\Administrator\Documents\VolunteerHelper\data\13_征集志愿\普通高考\本科批次\3829_征集志愿_第二次_2024_本科二批预科\3829_征集志愿_第二次_2024_claude.xlsx,C:\Users\Administrator\Documents\VolunteerHelper\data\13_征集志愿\普通高考\本科批次\3829_2024_文理综合_本科二批预科_征集志愿_第二次\3829_2024_文理综合_本科二批预科_征集志愿_第二次_claude.xlsx,
补充数据,C:\Users\Administrator\Documents\VolunteerHelper\data\13_征集志愿\普通高考\本科批次\3829_征集志愿_第二次_2024_本科二批预科\supplementary_2025_PaddleOCR-VL-1.5.xlsx,C:\Users\Administrator\Documents\VolunteerHelper\data\13_征集志愿\普通高考\本科批次\3829_2024_文理综合_本科二批预科_征集志愿_第二次\3829_2024_文理综合_本科二批预科_征集志愿_第二次_补充数据_PaddleOCR-VL-1.5.xlsx,
文件夹,C:\Users\Administrator\Documents\VolunteerHelper\data\13_征集志愿\普通高考\本科批次\4414_征集志愿_第三次_2025_本科批,C:\Users\Administrator\Documents\VolunteerHelper\data\13_征集志愿\普通高考\本科批次\4414_2025_物历综合_本科批次_B段_征集志愿_第三次,
xlsx,C:\Users\Administrator\Documents\VolunteerHelper\data\13_征集志愿\普通高考\本科批次\4414_征集志愿_第三次_2025_本科批\4414_征集志愿_第三次_2025_claude.xlsx,C:\Users\Administrator\Documents\VolunteerHelper\data\13_征集志愿\普通高考\本科批次\4414_2025_物历综合_本科批次_B段_征集志愿_第三次\4414_2025_物历综合_本科批次_B段_征集志愿_第三次_claude.xlsx,
xlsx,C:\Users\Administrator\Documents\VolunteerHelper\data\13_征集志愿\普通高考\本科批次\4414_征集志愿_第三次_2025_本科批\4414_征集志愿_第三次_2025_多引擎.xlsx,C:\Users\Administrator\Documents\VolunteerHelper\data\13_征集志愿\普通高考\本科批次\4414_2025_物历综合_本科批次_B段_征集志愿_第三次\4414_2025_物历综合_本科批次_B段_征集志愿_第三次_多引擎.xlsx,
